Name,Address,Source
PROP_RTC,0x000000A0,ML_SYM
current_interrupt,0x0000064C,NSTUB
create_init_task,0x00003168,NSTUB
DryosDebugMsg,0x00006904,NSTUB
dm_set_store_level,0x00006C70,NSTUB
SetHPTimerAfterNow,0x00007F94,NSTUB
SetHPTimerNextTick,0x00008094,NSTUB
create_named_semaphore,0x000091DC,NSTUB
take_semaphore_now,0x000092E4,NSTUB
take_semaphore,0x0000933C,NSTUB
give_semaphore,0x00009428,NSTUB
msleep,0x00009818,NSTUB
task_create,0x000098CC,NSTUB
GetSizeOfMaxRegion,0x0000A4A8,NSTUB
GetMemoryInformation,0x0000A4FC,NSTUB
AllocateMemory,0x0000A75C,NSTUB
FreeMemory,0x0000AAF8,NSTUB
CreateMemoryChunk,0x0000B45C,NSTUB
GetMemoryAddressOfMemoryChunk,0x0000BA08,NSTUB
AddMemoryChunk,0x0000BC70,NSTUB
GetFirstChunkFromSuite,0x0000BD8C,NSTUB
DeleteMemorySuite,0x0000C070,NSTUB
CreateMemorySuite,0x0000C420,NSTUB
GetNextMemoryChunk,0x0000CA90,NSTUB
CreateRecursiveLock,0x0000D4D0,NSTUB
dma_memcpy,0x0000D834,NSTUB
SetTimerAfter,0x0000E8AC,NSTUB
CancelTimer,0x0000EAAC,NSTUB
task_trampoline,0x0000EF60,NSTUB
SetEDmac,0x00037DD0,NSTUB
ConnectWriteEDmac,0x00037F30,NSTUB
ConnectReadEDmac,0x00037FF4,NSTUB
StartEDmac,0x0003817C,NSTUB
AbortEDmac,0x000384A0,NSTUB
RegisterEDmacCompleteCBR,0x00038540,NSTUB
UnregisterEDmacCompleteCBR,0x0003857C,NSTUB
RegisterEDmacAbortCBR,0x000385D4,NSTUB
UnregisterEDmacAbortCBR,0x00038610,NSTUB
RegisterEDmacPopCBR,0x00038668,NSTUB
UnregisterEDmacPopCBR,0x000386A4,NSTUB
msg_queue_create,0x0003A4E8,NSTUB
msg_queue_receive,0x0003A5F8,NSTUB
msg_queue_post,0x0003A7E4,NSTUB
msg_queue_count,0x0003A824,NSTUB
AcquireRecursiveLock,0x0003A930,NSTUB
ReleaseRecursiveLock,0x0003AA44,NSTUB
vsnprintf,0x0003BFC4,NSTUB
TryPostStageEvent,0x0003D644,NSTUB
TryPostStageEvent_end,0x0003D6A0,NSTUB
TryPostEvent,0x0003DD24,NSTUB
TryPostEvent_end,0x0003DD80,NSTUB
alloc_dma_memory,0x0003DF6C,NSTUB
free_dma_memory,0x0003DFA0,NSTUB
get_task_info_by_id,0x00051358,NSTUB
socket_create,0x00059AF8,ML_SYM
socket_recv,0x00059CE8,ML_SYM
socket_connect,0x00059DDC,ML_SYM
socket_bind,0x00059E94,ML_SYM
socket_send,0x0005A09C,ML_SYM
socket_setsockopt,0x0005A810,ML_SYM
socket_listen,0x0005A9D0,ML_SYM
bzero32,0x00071618,NSTUB
pre_isr_hook,0x0007A9B8,NSTUB
post_isr_hook,0x0007A9BC,NSTUB
current_task,0x0007AAC0,NSTUB
task_dispatch_hook,0x0007AAD4,NSTUB
gui_main_struct,0x0007AE14,NSTUB
sounddev,0x0007B1F8,NSTUB
dm_names,0x0007B868,NSTUB
task_max,0x0007BEF4,NSTUB
mvr_config,0x000946E0,NSTUB
gui_task_list,0x0009DBC8,NSTUB
sd_device,0x000A8118,NSTUB
LCD_Palette,0x000BC2E8,NSTUB
bmp_vram_info,0x000BDAE8,NSTUB
get_current_task_name,0x00453550,ML_SYM
__priv_malloc,0x00455CB4,ML_SYM
__mem_malloc,0x004570B8,ML_SYM
shoot_malloc_suite,0x00457578,ML_SYM
edmac_index_to_channel,0x004576F8,ML_SYM
edmac_get_connection,0x00457954,ML_SYM
edmac_bytes_per_transfer,0x00457BCC,ML_SYM
menu_remove,0x0045C6AC,ML_SYM
run_in_separate_task,0x0045D1A8,ML_SYM
ml_gui_main_task,0x004632D0,ML_SYM
raw2shutter_ms,0x0046CE98,ML_SYM
shutter_ms_to_raw,0x0046CEEC,ML_SYM
raw2iso,0x0046DDC8,ML_SYM
val2raw_iso,0x0046E1C8,ML_SYM
split_iso,0x0046E630,ML_SYM
iso_components_update,0x0046E684,ML_SYM
bv_apply_iso,0x0046F618,ML_SYM
lens_set_rawiso,0x0046FA8C,ML_SYM
hdr_set_rawiso,0x0046FC80,ML_SYM
get_max_analog_iso,0x0046FD84,ML_SYM
prop_init,0x00470068,ML_SYM
is_movie_mode,0x004707C4,ML_SYM
get_video_mode_name,0x004707F0,ML_SYM
get_max_shutter_timer,0x0047651C,ML_SYM
schedule_remote_shot,0x0047DB24,ML_SYM
remote_shot,0x0047E00C,ML_SYM
GetBatteryLevel,0x00482334,ML_SYM
ml_register_cbr,0x00487838,ML_SYM
edmac_memcpy,0x0048CAD4,ML_SYM
edmac_raw_slurp,0x0048CAEC,ML_SYM
sound_recording_enabled_canon,0x0048FBAC,ML_SYM
sound_recording_enabled,0x0048FBC4,ML_SYM
get_audio_levels,0x0048FCAC,ML_SYM
audio_configure,0x0049025C,ML_SYM
mirror_down,0x004C8AF8,ML_SYM
battery_level_bars,0x004C8B0C,ML_SYM
sound_recording_mode,0x004C8B10,ML_SYM
auto_power_off_time,0x004C8B18,ML_SYM
shutter_count,0x004C8B3C,ML_SYM
camera_model_id,0x004C8B6C,ML_SYM
camera_model,0x004C8B70,ML_SYM
camera_serial,0x004C8BC0,ML_SYM
remote_shot_flag,0x004CAC90,ML_SYM
PROP_AFMA,0x80010006,ML_SYM
PROP_LV_LENS,0x80050000,ML_SYM
camera_engine,0xC0220000,NSTUB
cstart,0xFF0C1BA8,NSTUB
init_task,0xFF0C54CC,NSTUB
malloc,0xFF0C8DE4,NSTUB
free,0xFF0C8E3C,NSTUB
gui_main_task,0xFF0D97AC,NSTUB
GUI_Control,0xFF0D9B7C,NSTUB
GUI_ChangeMode,0xFF0D9D38,NSTUB
gui_init_end,0xFF0DA220,NSTUB
SRM_AllocateMemoryResourceFor1stJob,0xFF0E9F6C,NSTUB
SRM_FreeMemoryResourceFor1stJob,0xFF0EE02C,NSTUB
StartASIFDMAADC,0xFF1172E0,NSTUB
StopASIFDMAADC,0xFF11758C,NSTUB
StartASIFDMADAC,0xFF1176B4,NSTUB
StopASIFDMADAC,0xFF117934,NSTUB
SetNextASIFADCBuffer,0xFF117DFC,NSTUB
SetNextASIFDACBuffer,0xFF117FE4,NSTUB
sounddev_task,0xFF118F5C,NSTUB
SoundDevActiveIn,0xFF11936C,NSTUB
SoundDevShutDownIn,0xFF1195C4,NSTUB
SetAudioVolumeIn,0xFF11970C,NSTUB
prop_register_slave,0xFF12A924,NSTUB
prop_request_change,0xFF12AB14,NSTUB
prop_deliver,0xFF12B090,NSTUB
prop_cleanup,0xFF12B15C,NSTUB
PROPAD_GetPropertyData,0xFF12CB14,NSTUB
LoadCalendarFromRTC,0xFF13D2A0,NSTUB
audio_ic_read,0xFF13F208,NSTUB
SetAudioVolumeOut,0xFF13F728,NSTUB
PowerMicAmp,0xFF13FDE0,NSTUB
SetSamplingRate,0xFF13FE14,NSTUB
PowerAudioOutput,0xFF14169C,NSTUB
call,0xFF14439C,NSTUB
AllocateMemoryResource,0xFF147F3C,NSTUB
AllocateContinuousMemoryResource,0xFF147F88,NSTUB
FreeMemoryResource,0xFF1480A0,NSTUB
socket_close_caller,0xFF14F74C,NSTUB
SetGUIRequestMode,0xFF196950,NSTUB
Gui_SetSoundRecord,0xFF1A48F8,NSTUB
ptpPropSetUILock,0xFF27C868,NSTUB
GUI_SetRollingPitchingLevelStatus,0xFF27D010,NSTUB
ptp_register_handler,0xFF29F7BC,NSTUB
mvrSetDefQScale,0xFF2BB154,NSTUB
mvrSetFullHDOptSize,0xFF2BB18C,NSTUB
mvrSetGopOptSizeFULLHD,0xFF2BB370,NSTUB
mvrFixQScale,0xFF2BB65C,NSTUB
EngDrvOut,0xFF2BC3AC,NSTUB
shamem_read,0xFF2BC448,NSTUB
engio_write,0xFF2BC6C4,NSTUB
CreateResLockEntry,0xFF2C049C,NSTUB
LockEngineResources,0xFF2C095C,NSTUB
UnLockEngineResources,0xFF2C0B00,NSTUB
FIO_OpenFile,0xFF34AEEC,NSTUB
FIO_CreateFile,0xFF34AFA8,NSTUB
FIO_RemoveFile,0xFF34B054,NSTUB
FIO_ReadFile,0xFF34B0FC,NSTUB
FIO_SeekSkipFile,0xFF34B1AC,NSTUB
FIO_WriteFile,0xFF34B29C,NSTUB
FIO_CloseFile,0xFF34B34C,NSTUB
FIO_GetFileSize,0xFF34B4C8,NSTUB
FIO_RenameFile,0xFF34B9E0,NSTUB
FIO_CreateDirectory,0xFF34BBA8,NSTUB
FIO_FindFirstEx,0xFF34C170,NSTUB
FIO_FindNextEx,0xFF34C264,NSTUB
FIO_FindClose,0xFF34C344,NSTUB
dialog_set_property_str,0xFF392A7C,NSTUB
ProcessPathForFurikake,0xFF42A9EC,NSTUB
dialog_redraw,0xFF4E0E80,NSTUB
MirrorDisplay,0xFF504650,NSTUB
ReverseDisplay,0xFF504680,NSTUB
NormalDisplay,0xFF5046B0,NSTUB
ErrForCamera_handler,0xFF53CF40,NSTUB
CancelDateTimer,0xFF549070,NSTUB
HideUnaviFeedBack_maybe,0xFF5568AC,NSTUB
LiveViewApp_handler,0xFF55CA40,NSTUB
LiveViewApp_handler_BL_JudgeBottomInfoDispTimerState,0xFF55D838,NSTUB
LiveViewApp_handler_end,0xFF55F1CC,NSTUB
ShootOlcApp_handler,0xFF56A160,NSTUB
PlayMovieGuideApp_handler,0xFF5886E0,NSTUB
PACK16_Setup,0xFF63D818,NSTUB
fsuDecodePartitionTable,0xFF67BD28,NSTUB
GetCFnData,0xFF6C8054,NSTUB
SetCFnData,0xFF6C813C,NSTUB
LiveViewLevelApp_handler,0xFF6EEB9C,NSTUB
ErrCardForLVApp_handler,0xFF6F03C4,NSTUB
LiveViewShutterApp_handler,0xFF745794,NSTUB
LiveViewWifiApp_handler,0xFF7523B4,NSTUB
PlayMain_handler,0xFF776250,NSTUB
ptpip_bind_param,0xFF7AEE18,NSTUB
ptpip_open_server,0xFF7AEE80,NSTUB
ptpip_listen_close,0xFF7AEFCC,NSTUB
ptpip_sock_accept,0xFF7AF160,NSTUB
ptpip_sock_create,0xFF7AF220,NSTUB
ptpip_create_client,0xFF7AF2CC,NSTUB
ptpip_close_server,0xFF7AF344,NSTUB
socket_close_if_valid,0xFF7AF380,NSTUB
ptpip_set_keepalive,0xFF7AF38C,NSTUB
ptpip_errno_handler,0xFF7AF3B4,NSTUB
audio_thresholds,0xFFA1844C,NSTUB
